id,username,email,fecha_registro,seguidores,siguiendo,bio
1,foodie123,foodie123@email.com,2023-01-15,1500,300,"Amante de la comida y fotógrafo aficionado"
2,chef_maria,chef_maria@email.com,2023-02-20,5000,150,"Chef profesional compartiendo recetas deliciosas"
3,healthy_eats,healthy_eats@email.com,2023-03-10,800,600,"Enfocado en alimentación saludable y nutritiva"
4,sweet_tooth,sweet_tooth@email.com,2023-04-05,2000,1000,"Adicto a los postres y repostería creativa"
5,vegan_voyager,vegan_voyager@email.com,2023-05-01,3000,200,"Explorando el mundo de la cocina vegana"
6,2DAW-victorrio302,victor@fsdfsfd,2024-10-26,1,4,a
